1.0.-Etxebizitzen salerosketa kopurua. 2017ko 1. hiruhilekoa;;;;;;;;
1.0.- Número de compraventas de vivienda. 01 trimestre 2017;;;;;;;;
BANATZEA                                        DESGLOSE;EREMUA                                                    ÁMBITO;OROKORRA GENERAL;BERRIA NUEVA;ERABILIA USADA;;;;
Nazionala/Nacional;ESPAÑA;113.738,00;20.490,00;93.248,00;;;;
Euskadi/País Vasco;EUSKADI/PAIS VASCO;4.593,00;894,00;3.699,00;;;;
Erakunde Autonomoa/CCAA;ANDALUZIA/ANDALUCIA;21.313,00;4.319,00;16.994,00;;;;
Erakunde Autonomoa/CCAA;ARAGOI/ARAGON;3.074,00;544,00;2.530,00;;;;
Erakunde Autonomoa/CCAA;ASTURIAS/ASTURIAS;1.877,00;432,00;1.445,00;;;;
Erakunde Autonomoa/CCAA;BALEAR UHARTEAK/BALEARES;3.787,00;724,00;3.063,00;;;;
Erakunde Autonomoa/CCAA;KANARIAR UHARTEAK/CANARIAS;5.388,00;1.096,00;4.292,00;;;;
Erakunde Autonomoa/CCAA;KANTABRIA/CANTABRIA;1.371,00;232,00;1.139,00;;;;
Erakunde Autonomoa/CCAA;GAZTELA ETA LEON/CASTILLA Y LEON;4.871,00;1.109,00;3.762,00;;;;
Erakunde Autonomoa/CCAA;GAZTELA-MANTXA/CASTILLA-LA MANCHA;4.052,00;763,00;3.289,00;;;;
Erakunde Autonomoa/CCAA;KATALUNIA/CATALUÑA;19.666,00;2.441,00;17.225,00;;;;
Erakunde Autonomoa/CCAA;EXTREMADURA/EXTREMADURA;1.670,00;147,00;1.523,00;;;;
Erakunde Autonomoa/CCAA;GALIZIA/GALICIA;3.543,00;971,00;2.572,00;;;;
Erakunde Autonomoa/CCAA;MADRIL/MADRID;16.690,00;3.612,00;13.078,00;;;;
Erakunde Autonomoa/CCAA;MURTZIA/MURCIA;3.259,00;513,00;2.746,00;;;;
Erakunde Autonomoa/CCAA;NAFARROA/NAVARRA;1.382,00;306,00;1.076,00;;;;
Erakunde Autonomoa/CCAA;ERRIOXA/LA RIOJA;812,00;143,00;669,00;;;;
Erakunde Autonomoa/CCAA;VALENTZIA KOMUNITATEA/VALENCIA;16.390,00;2.244,00;14.146,00;;;;
Hiriburak/Capitales de TTHH;Vitoria-Gasteiz;526,00;126,00;400,00;;;;
Hiriburak/Capitales de TTHH;Donostia-San Sebastián;248,00;42,00;206,00;;;;
Hiriburak/Capitales de TTHH;Bilbao;843,00;43,00;800,00;;;;
Lurralderen gainerakoa/Resto de TTHH;ARABA/ÁLAVA;127,00;15,00;112,00;;;;
Lurralderen gainerakoa/Resto de TTHH;GIPUZKOA;1.090,00;247,00;843,00;;;;
Lurralderen gainerakoa/Resto de TTHH;BIZKAIA;1.686,00;410,00;1.276,00;;;;
Eskualde Egitura/Áreas funcionales;Álava Central;584,00;131,00;453,00;;;;
Eskualde Egitura/Áreas funcionales;Balmaseda-Zalla;39,00;2,00;37,00;;;;
Eskualde Egitura/Áreas funcionales;Beasain-Zumárraga;98,00;9,00;89,00;;;;
Eskualde Egitura/Áreas funcionales;Bilbao Metropolitano;2.200,00;340,00;1.860,00;;;;
Eskualde Egitura/Áreas funcionales;Donostia-San Sebastián;729,00;167,00;562,00;;;;
Eskualde Egitura/Áreas funcionales;Durango;167,00;70,00;97,00;;;;
Eskualde Egitura/Áreas funcionales;Eibar;126,00;41,00;85,00;;;;
Eskualde Egitura/Áreas funcionales;Gernika-Markina;48,00;8,00;40,00;;;;
Eskualde Egitura/Áreas funcionales;Igorre;28,00;18,00;10,00;;;;
Eskualde Egitura/Áreas funcionales;Laguardia;17,00;10,00;7,00;;;;
Eskualde Egitura/Áreas funcionales;Laudio / Llodio;61,00;1,00;60,00;;;;
Eskualde Egitura/Áreas funcionales;Arrasate-Bergara;97,00;43,00;54,00;;;;
Eskualde Egitura/Áreas funcionales;Mungia;23,00;8,00;15,00;;;;
Eskualde Egitura/Áreas funcionales;Tolosa;103,00;11,00;92,00;;;;
Eskualde Egitura/Áreas funcionales;Zarautz-Azpeitia;200,00;24,00;176,00;;;;
Hiriburuetako zonak/Zonas de capitales;Vitoria-Gasteiz zona 01;34,00;n.d.;n.d.;;;;
Hiriburuetako zonak/Zonas de capitales;Vitoria-Gasteiz zona 02;65,00;2,00;63,00;;;;
Hiriburuetako zonak/Zonas de capitales;Vitoria-Gasteiz zona 03;186,00;80,00;106,00;;;;
Hiriburuetako zonak/Zonas de capitales;Vitoria-Gasteiz zona 04;114,00;22,00;92,00;;;;
Hiriburuetako zonak/Zonas de capitales;Vitoria-Gasteiz zona 05;61,00;6,00;55,00;;;;
Hiriburuetako zonak/Zonas de capitales;Vitoria-Gasteiz zona 06;48,00;11,00;37,00;;;;
Hiriburuetako zonak/Zonas de capitales;Donostia-San Sebastián zona 01;19,00;n.d.;n.d.;;;;
Hiriburuetako zonak/Zonas de capitales;Donostia-San Sebastián zona 02;48,00;10,00;38,00;;;;
Hiriburuetako zonak/Zonas de capitales;Donostia-San Sebastián zona 03;1,00;n.d.;n.d.;;;;
Hiriburuetako zonak/Zonas de capitales;Donostia-San Sebastián zona 04;77,00;2,00;75,00;;;;
Hiriburuetako zonak/Zonas de capitales;Donostia-San Sebastián zona 05;44,00;16,00;28,00;;;;
Hiriburuetako zonak/Zonas de capitales;Donostia-San Sebastián zona 06;54,00;11,00;43,00;;;;
Hiriburuetako zonak/Zonas de capitales;Bilbao zona 01;106,00;9,00;97,00;;;;
Hiriburuetako zonak/Zonas de capitales;Bilbao zona 02;83,00;3,00;80,00;;;;
Hiriburuetako zonak/Zonas de capitales;Bilbao zona 03;34,00;n.d.;n.d.;;;;
Hiriburuetako zonak/Zonas de capitales;Bilbao zona 04;83,00;n.d.;n.d.;;;;
Hiriburuetako zonak/Zonas de capitales;Bilbao zona 05;150,00;1,00;149,00;;;;
Hiriburuetako zonak/Zonas de capitales;Bilbao zona 06;175,00;17,00;158,00;;;;
Hiriburuetako zonak/Zonas de capitales;Bilbao zona 07;156,00;4,00;152,00;;;;
Hiriburuetako zonak/Zonas de capitales;Bilbao zona 08;43,00;9,00;34,00;;;;
;;;;;;;;
1.1.1.-  Etxebizitzen batez besteko prezioa (€/m2). 2017ko 1. hiruhilekoa;;;;;;;;
1.1.1.- Precio medio de vivienda (€/m2). 01 trimestre 2017;;;;;;;;
BANATZEA                                        DESGLOSE;EREMUA                                                          ÁMBITO;OROKORRA GENERAL;BERRIA     NUEVA;ERABILIA USADA;;;;
Nazionala/Nacional;ESPAÑA;1.577,44;1.591,39;1.574,43;;;;
Euskadi/País Vasco;EUSKADI/PAIS VASCO;2.309,92;2.298,41;2.312,19;;;;
Erakunde Autonomoa/CCAA;ANDALUZIA/ANDALUCIA;1.259,76;1.257,63;1.260,31;;;;
Erakunde Autonomoa/CCAA;ARAGOI/ARAGON;1.237,53;1.651,86;1.140,31;;;;
Erakunde Autonomoa/CCAA;ASTURIAS/ASTURIAS;1.219,84;1.438,29;1.155,88;;;;
Erakunde Autonomoa/CCAA;BALEAR UHARTEAK/BALEARES;2.189,71;2.187,24;2.190,31;;;;
Erakunde Autonomoa/CCAA;KANARIAR UHARTEAK/CANARIAS;1.713,38;1.663,71;1.726,03;;;;
Erakunde Autonomoa/CCAA;KANTABRIA/CANTABRIA;1.437,01;1.435,53;1.437,32;;;;
Erakunde Autonomoa/CCAA;GAZTELA ETA LEON/CASTILLA Y LEON;1.033,79;1.199,18;984,92;;;;
Erakunde Autonomoa/CCAA;GAZTELA-MANTXA/CASTILLA-LA MANCHA;747,41;794,83;737,27;;;;
Erakunde Autonomoa/CCAA;KATALUNIA/CATALUÑA;1.963,41;1.866,82;1.977,65;;;;
Erakunde Autonomoa/CCAA;EXTREMADURA/EXTREMADURA;678,96;757,92;671,90;;;;
Erakunde Autonomoa/CCAA;GALIZIA/GALICIA;1.244,07;1.307,88;1.220,12;;;;
Erakunde Autonomoa/CCAA;MADRIL/MADRID;2.309,14;2.172,95;2.343,66;;;;
Erakunde Autonomoa/CCAA;MURTZIA/MURCIA;964,09;1.062,34;945,27;;;;
Erakunde Autonomoa/CCAA;NAFARROA/NAVARRA;1.370,88;1.460,33;1.355,84;;;;
Erakunde Autonomoa/CCAA;ERRIOXA/LA RIOJA;1.004,21;1.136,32;974,21;;;;
Erakunde Autonomoa/CCAA;VALENTZIA KOMUNITATEA/VALENCIA;1.157,53;1.362,04;1.125,66;;;;
Hiriburak/Capitales de TTHH;Vitoria-Gasteiz;1.767,06;1.985,41;1.694,54;;;;
Hiriburak/Capitales de TTHH;Donostia-San Sebastián;4.030,10;3.677,32;4.111,81;;;;
Hiriburak/Capitales de TTHH;Bilbao;2.212,68;2.653,88;2.188,73;;;;
Lurralderen gainerakoa/Resto de TTHH;ARABA/ÁLAVA;1.393,57;740,16;1.494,81;;;;
Lurralderen gainerakoa/Resto de TTHH;GIPUZKOA;2.288,63;2.017,83;2.344,23;;;;
Lurralderen gainerakoa/Resto de TTHH;BIZKAIA;2.311,25;2.368,25;2.297,07;;;;
Eskualde Egitura/Áreas funcionales;Álava Central;1.727,37;1.963,73;1.657,14;;;;
Eskualde Egitura/Áreas funcionales;Balmaseda-Zalla;1.471,39; n.d. ; n.d. ;;;;
Eskualde Egitura/Áreas funcionales;Beasain-Zumárraga;2.162,62; n.d. ; n.d. ;;;;
Eskualde Egitura/Áreas funcionales;Bilbao Metropolitano;2.316,97;2.547,49;2.286,94;;;;
Eskualde Egitura/Áreas funcionales;Donostia-San Sebastián;2.962,81;2.906,77;2.972,45;;;;
Eskualde Egitura/Áreas funcionales;Durango;2.157,66;2.223,28;2.110,27;;;;
Eskualde Egitura/Áreas funcionales;Eibar;1.933,31;1.487,88;2.153,13;;;;
Eskualde Egitura/Áreas funcionales;Gernika-Markina;2.264,33; n.d. ; n.d. ;;;;
Eskualde Egitura/Áreas funcionales;Igorre;1.908,46; n.d. ; n.d. ;;;;
Eskualde Egitura/Áreas funcionales;Laguardia;807,31; n.d. ; n.d. ;;;;
Eskualde Egitura/Áreas funcionales;Laudio / Llodio;1.705,10; n.d. ; n.d. ;;;;
Eskualde Egitura/Áreas funcionales;Arrasate-Bergara;1.621,12;1.748,40;1.509,00;;;;
Eskualde Egitura/Áreas funcionales;Mungia;2.059,14; n.d. ; n.d. ;;;;
Eskualde Egitura/Áreas funcionales;Tolosa;2.018,13; n.d. ; n.d. ;;;;
Eskualde Egitura/Áreas funcionales;Zarautz-Azpeitia;2.891,88;2.874,41;2.894,36;;;;
Hiriburuetako zonak/Zonas de capitales;Vitoria-Gasteiz zona 01;1.282,07; n.d. ; n.d. ;;;;
Hiriburuetako zonak/Zonas de capitales;Vitoria-Gasteiz zona 02;2.047,15; n.d. ; n.d. ;;;;
Hiriburuetako zonak/Zonas de capitales;Vitoria-Gasteiz zona 03;1.864,50;2.077,57;1.676,67;;;;
Hiriburuetako zonak/Zonas de capitales;Vitoria-Gasteiz zona 04;1.423,40; n.d. ; n.d. ;;;;
Hiriburuetako zonak/Zonas de capitales;Vitoria-Gasteiz zona 05;2.117,23; n.d. ; n.d. ;;;;
Hiriburuetako zonak/Zonas de capitales;Vitoria-Gasteiz zona 06;1.240,49; n.d. ; n.d. ;;;;
Hiriburuetako zonak/Zonas de capitales;Donostia-San Sebastián zona 01;4.739,51; n.d. ; n.d. ;;;;
Hiriburuetako zonak/Zonas de capitales;Donostia-San Sebastián zona 02;5.413,63; n.d. ; n.d. ;;;;
Hiriburuetako zonak/Zonas de capitales;Donostia-San Sebastián zona 03; n.d. ; n.d. ; n.d. ;;;;
Hiriburuetako zonak/Zonas de capitales;Donostia-San Sebastián zona 04;4.452,88; n.d. ; n.d. ;;;;
Hiriburuetako zonak/Zonas de capitales;Donostia-San Sebastián zona 05;3.905,46;3.448,58;4.197,86;;;;
Hiriburuetako zonak/Zonas de capitales;Donostia-San Sebastián zona 06;2.364,60;2.109,65;2.438,40;;;;
Hiriburuetako zonak/Zonas de capitales;Bilbao zona 01;2.322,76; n.d. ; n.d. ;;;;
Hiriburuetako zonak/Zonas de capitales;Bilbao zona 02;2.112,36; n.d. ; n.d. ;;;;
Hiriburuetako zonak/Zonas de capitales;Bilbao zona 03;1.771,07; n.d. ; n.d. ;;;;
Hiriburuetako zonak/Zonas de capitales;Bilbao zona 04;2.208,09; n.d. ; n.d. ;;;;
Hiriburuetako zonak/Zonas de capitales;Bilbao zona 05;1.788,10; n.d. ; n.d. ;;;;
Hiriburuetako zonak/Zonas de capitales;Bilbao zona 06;2.936,21;2.786,59;2.953,35;;;;
Hiriburuetako zonak/Zonas de capitales;Bilbao zona 07;1.930,93; n.d. ; n.d. ;;;;
Hiriburuetako zonak/Zonas de capitales;Bilbao zona 08;2.004,97; n.d. ; n.d. ;;;;
;;;;;;;;
1.1.2.- Precio medio por superficie (€/m2). 01 trimestre 2017;;;;;;;;
BANATZEA                                        DESGLOSE;EREMUA                                                    ÁMBITO;< 40 m²;40 m² - 60 m²; 60 m² - 80 m²;> 80 m²;;;
Nazionala/Nacional;ESPAÑA;2.275,40;1.708,20;1.507,49;1.532,54;;;
Euskadi/País Vasco;EUSKADI/PAIS VASCO;3.011,81;2.384,90;2.234,05;2.190,87;;;
Erakunde Autonomoa/CCAA;ANDALUZIA/ANDALUCIA;1.676,71;1.342,32;1.195,82;1.241,60;;;
Erakunde Autonomoa/CCAA;ARAGOI/ARAGON;1.310,25;1.106,31;1.186,38;1.407,94;;;
Erakunde Autonomoa/CCAA;ASTURIAS/ASTURIAS;1.422,91;1.222,55;1.156,05;1.263,20;;;
Erakunde Autonomoa/CCAA;BALEAR UHARTEAK/BALEARES;2.352,24;2.231,74;2.070,39;2.115,05;;;
Erakunde Autonomoa/CCAA;KANARIAR UHARTEAK/CANARIAS;2.073,14;1.865,22;1.478,67;1.408,56;;;
Erakunde Autonomoa/CCAA;KANTABRIA/CANTABRIA;1.591,86;1.550,82;1.398,37;1.459,14;;;
Erakunde Autonomoa/CCAA;GAZTELA ETA LEON/CASTILLA Y LEON;1.375,77;1.023,89;1.039,65;1.107,11;;;
Erakunde Autonomoa/CCAA;GAZTELA-MANTXA/CASTILLA-LA MANCHA;1.084,30;915,00;846,50;806,30;;;
Erakunde Autonomoa/CCAA;KATALUNIA/CATALUÑA;2.472,29;1.984,64;1.837,76;2.131,91;;;
Erakunde Autonomoa/CCAA;EXTREMADURA/EXTREMADURA;772,14;646,89;732,70;737,68;;;
Erakunde Autonomoa/CCAA;GALIZIA/GALICIA;1.726,24;1.289,06;1.252,95;1.222,39;;;
Erakunde Autonomoa/CCAA;MADRIL/MADRID;3.356,73;2.196,87;1.992,67;2.393,13;;;
Erakunde Autonomoa/CCAA;MURTZIA/MURCIA;1.364,47;1.107,88;999,05;890,64;;;
Erakunde Autonomoa/CCAA;NAFARROA/NAVARRA; n.d. ;1.508,06;1.447,12;1.427,59;;;
Erakunde Autonomoa/CCAA;ERRIOXA/LA RIOJA;1.300,68;1.003,66;1.028,82;978,97;;;
Erakunde Autonomoa/CCAA;VALENTZIA KOMUNITATEA/VALENCIA;1.573,90;1.141,35;1.070,18;1.030,59;;;
;;;;;;;;
1.1.3.- Batez besteko prezioa tipologiaren arabera (€/m2). 2017ko 1. hiruhilekoa;;;;;;;;
1.1.3.- Precio medio por tipología (€/m2). 01 trimestre 2017;;;;;;;;
BANATZEA                                        DESGLOSE;EREMUA                                                    ÁMBITO;PISUAK PISOS;ETXE ATXIKIAK ADOSADOS;FAMILIABAKARRA UNIFAMILIARES;;;;
Nazionala/Nacional;ESPAÑA;1.629,26;1.317,62;1.336,25;;;;
Euskadi/País Vasco;EUSKADI/PAIS VASCO;2.292,31;3.008,76;2.251,92;;;;
Erakunde Autonomoa/CCAA;ANDALUZIA/ANDALUCIA;1.290,83;1.156,83;1.060,64;;;;
Erakunde Autonomoa/CCAA;ARAGOI/ARAGON;1.288,77;1.220,66;695,30;;;;
Erakunde Autonomoa/CCAA;ASTURIAS/ASTURIAS;1.251,59;1.134,22;953,66;;;;
Erakunde Autonomoa/CCAA;BALEAR UHARTEAK/BALEARES;2.162,21;1.781,83;2.610,96;;;;
Erakunde Autonomoa/CCAA;ERRIOXA/LA RIOJA;1.019,48;964,75;862,12;;;;
Erakunde Autonomoa/CCAA;EXTREMADURA/EXTREMADURA;735,98;616,17;487,30;;;;
Erakunde Autonomoa/CCAA;GALIZIA/GALICIA;1.286,52;1.061,58;945,63;;;;
Erakunde Autonomoa/CCAA;GAZTELA ETA LEON/CASTILLA Y LEON;1.110,58;849,21;615,73;;;;
Erakunde Autonomoa/CCAA;GAZTELA-MANTXA/CASTILLA-LA MANCHA;825,59;640,07;572,38;;;;
Erakunde Autonomoa/CCAA;KANARIAR UHARTEAK/CANARIAS;1.669,56;2.076,41;1.763,53;;;;
Erakunde Autonomoa/CCAA;KANTABRIA/CANTABRIA;1.474,24;1.225,07;1.271,40;;;;
Erakunde Autonomoa/CCAA;KATALUNIA/CATALUÑA;2.025,97;1.559,66;1.723,35;;;;
Erakunde Autonomoa/CCAA;MADRIL/MADRID;2.354,78;1.692,08;2.538,41;;;;
Erakunde Autonomoa/CCAA;MURTZIA/MURCIA;973,32;1.136,46;653,65;;;;
Erakunde Autonomoa/CCAA;NAFARROA/NAVARRA;1.418,37;1.202,81;1.015,84;;;;
Erakunde Autonomoa/CCAA;VALENTZIA KOMUNITATEA/VALENCIA;1.134,42;1.247,34;1.246,06;;;;
;;;;;;;;
1.2.- Hiri-lurzoruaren batez besteko prezioa (€/m2). 2017ko 1. hiruhilekoa;;;;;;;;
1.2.- Precio medio suelo urbano (€/m2). 01 trimestre 2017;;;;;;;;
BANATZEA                                        DESGLOSE;EREMUA                                                    ÁMBITO;Batez bestekoa Valor Medio;;;;;;
Euskadi/País Vasco;EUSKADI/PAIS VASCO;390,90;;;;;;
Lurraldea/TTHH;ARABA/ÁLAVA;342,71;;;;;;
Lurraldea/TTHH;GIPUZKOA;275,70;;;;;;
Lurraldea/TTHH;BIZKAIA;483,74;;;;;;
;;;;;;;;
1.3.-Errentagarritasun-adierazleak eta prezio-aldakuntza (%). 2017ko 1. hiruhilekoa;;;;;;;;
1.3.- Indicadores de rentabilidad y variación de precios (%). 01 trimestre 2017;;;;;;;;
BANATZEA                                        DESGLOSE;EREMUA                                                    ÁMBITO;ETXEBIZITZAREN PREZIOA PRECIO VIVIENDA;KPI         IPC;SOLDATEN KOSTUA COSTE SALARIAL;IBEX 35;5 URTETARAKO ZORRA DEUDA 5 AÑOS;10 URTETARAKO ZORRA DEUDA 10 AÑOS;
Nazionala/Nacional;ESPAÑA;4,66;2,30;-0,20;19,94;0,48;1,63;
Euskadi/País Vasco;EUSKADI/PAIS VASCO;1,33;2,30;-0,50;19,94;0,48;1,63;
Erakunde Autonomoa/CCAA;ANDALUZIA/ANDALUCIA;1,91;2,30;-0,30;19,94;0,48;1,63;
Erakunde Autonomoa/CCAA;ARAGOI/ARAGON;0,75;2,20;-0,80;19,94;0,48;1,63;
Erakunde Autonomoa/CCAA;ASTURIAS/ASTURIAS;-5,32;2,30;0,80;19,94;0,48;1,63;
Erakunde Autonomoa/CCAA;BALEAR UHARTEAK/BALEARES;1,41;2,40;-0,30;19,94;0,48;1,63;
Erakunde Autonomoa/CCAA;KANARIAR UHARTEAK/CANARIAS;8,60;2,10;-0,30;19,94;0,48;1,63;
Erakunde Autonomoa/CCAA;KANTABRIA/CANTABRIA;-1,12;2,50;0,40;19,94;0,48;1,63;
Erakunde Autonomoa/CCAA;GAZTELA ETA LEON/CASTILLA Y LEON;2,49;2,60;-0,70;19,94;0,48;1,63;
Erakunde Autonomoa/CCAA;GAZTELA-MANTXA/CASTILLA-LA MANCHA;2,20;2,60;-0,20;19,94;0,48;1,63;
Erakunde Autonomoa/CCAA;KATALUNIA/CATALUÑA;5,54;2,50;0,10;19,94;0,48;1,63;
Erakunde Autonomoa/CCAA;EXTREMADURA/EXTREMADURA;-4,86;1,90;-0,60;19,94;0,48;1,63;
Erakunde Autonomoa/CCAA;GALIZIA/GALICIA;2,23;2,70;-0,30;19,94;0,48;1,63;
Erakunde Autonomoa/CCAA;MADRIL/MADRID;6,49;1,90;-0,40;19,94;0,48;1,63;
Erakunde Autonomoa/CCAA;MURTZIA/MURCIA;-0,59;2,00;0,20;19,94;0,48;1,63;
Erakunde Autonomoa/CCAA;NAFARROA/NAVARRA;4,01;2,10;0,50;19,94;0,48;1,63;
Erakunde Autonomoa/CCAA;ERRIOXA/LA RIOJA;-5,36;2,30;-0,10;19,94;0,48;1,63;
Erakunde Autonomoa/CCAA;VALENTZIA KOMUNITATEA/VALENCIA;0,86;2,20;0,00;19,94;0,48;1,63;
;;;;;;;;
1.4.- Atzerritarren salerosketak. 2017ko 1. hiruhilekoa;;;;;;;;
1.4.- Compraventas de extranjeros. 01 trimestre 2017;;;;;;;;
EREMUA                                                    ÁMBITO;NAZIONALITATEA NACIONALIDAD;GUZTIRA NUMERO TOTAL;Guztiaren% %Total;Atzerritaren% % Extranjeros;;;;
ESPAÑA;España;98.780,00;0,87;-;;;;
ESPAÑA;Reino Unido;2.137,00;0,02;0,15;;;;
ESPAÑA;Francia;1.420,00;0,01;0,10;;;;
ESPAÑA;Alemania;1.124,00;0,01;0,08;;;;
ESPAÑA;Belgica;1.004,00;0,01;0,07;;;;
ESPAÑA;Suecia;926,00;0,01;0,06;;;;
ESPAÑA;Italia;903,00;0,01;0,06;;;;
ESPAÑA;Rumania;781,00;0,01;0,05;;;;
ESPAÑA;China;632,00;0,01;0,04;;;;
ESPAÑA;Marruecos;531,00;0,00;0,04;;;;
ESPAÑA;Rusia;453,00;0,00;0,03;;;;
ESPAÑA;Holanda;398,00;0,00;0,03;;;;
ESPAÑA;Noruega;325,00;0,00;0,02;;;;
ESPAÑA;Ucrania;229,00;0,00;0,02;;;;
ESPAÑA;Argelia;215,00;0,00;0,01;;;;
ESPAÑA;Polonia;194,00;0,00;0,01;;;;
ESPAÑA;Suiza;181,00;0,00;0,01;;;;
ESPAÑA;Irlanda;157,00;0,00;0,01;;;;
ESPAÑA;Bulgaria;140,00;0,00;0,01;;;;
ESPAÑA;Finlandia;139,00;0,00;0,01;;;;
ESPAÑA;Dinamarca;126,00;0,00;0,01;;;;
ESPAÑA;Gainerakoa/Resto;2.713,00;0,02;0,18;;;;
;;;;;;;;
1.4.- Atzerritarren salerosketak. 2017ko 1. hiruhilekoa;;;;;;;;
1.4.- Compraventas de extranjeros. 01 trimestre 2017;;;;;;;;
EREMUA                                                    ÁMBITO;NAZIONALITATEA NACIONALIDAD;GUZTIRA EAE NUMERO CAE;Guztiaren% %Total;Atzerritaren% % Extranjeros;;;;
EUSKADI/PAÍS VASCO;España;4.590,00;0,98;-;;;;
EUSKADI/PAÍS VASCO;Rumania;15,00;0,00;0,16;;;;
EUSKADI/PAÍS VASCO;China;14,00;0,00;0,15;;;;
EUSKADI/PAÍS VASCO;Portugal;6,00;0,00;0,07;;;;
EUSKADI/PAÍS VASCO;Francia;6,00;0,00;0,07;;;;
EUSKADI/PAÍS VASCO;Marruecos;3,00;0,00;0,03;;;;
EUSKADI/PAÍS VASCO;Peru;3,00;0,00;0,03;;;;
EUSKADI/PAÍS VASCO;Italia;3,00;0,00;0,03;;;;
EUSKADI/PAÍS VASCO;Ecuador;2,00;0,00;0,02;;;;
EUSKADI/PAÍS VASCO;Moldavia;2,00;0,00;0,02;;;;
EUSKADI/PAÍS VASCO;Colombia;2,00;0,00;0,02;;;;
EUSKADI/PAÍS VASCO;Estados Unidos;2,00;0,00;0,02;;;;
EUSKADI/PAÍS VASCO;Bulgaria;2,00;0,00;0,02;;;;
EUSKADI/PAÍS VASCO;Venezuela;2,00;0,00;0,02;;;;
EUSKADI/PAÍS VASCO;Bolivia;1,00;0,00;0,01;;;;
EUSKADI/PAÍS VASCO;Finlandia;1,00;0,00;0,01;;;;
EUSKADI/PAÍS VASCO;Reino Unido;1,00;0,00;0,01;;;;
EUSKADI/PAÍS VASCO;Brasil;1,00;0,00;0,01;;;;
EUSKADI/PAÍS VASCO;Hong Kong;1,00;0,00;0,01;;;;
EUSKADI/PAÍS VASCO;Senegal;1,00;0,00;0,01;;;;
EUSKADI/PAÍS VASCO;Albania;1,00;0,00;0,01;;;;
EUSKADI/PAÍS VASCO;Polonia;1,00;0,00;0,01;;;;
EUSKADI/PAÍS VASCO;Irlanda;1,00;0,00;0,01;;;;
EUSKADI/PAÍS VASCO;Ucrania;1,00;0,00;0,01;;;;
EUSKADI/PAÍS VASCO;Cuba;1,00;0,00;0,01;;;;
EUSKADI/PAÍS VASCO;Mexico;1,00;0,00;0,01;;;;
EUSKADI/PAÍS VASCO;Chile;1,00;0,00;0,01;;;;
EUSKADI/PAÍS VASCO;Australia;1,00;0,00;0,01;;;;
EUSKADI/PAÍS VASCO;Paraguay;1,00;0,00;0,01;;;;
EUSKADI/PAÍS VASCO;Gainerakoa/Resto;14,00;0,00;0,15;;;;
;;;;;;;;
1.5.-Etxebizitzen jabetzaren batez besteko aldia (egunak/%). 2017ko 1. hiruhilekoa;;;;;;;;
1.5.- Periodo medio de posesión de las viviendas (días/%). 01 trimestre 2017;;;;;;;;
BANATZEA                                        DESGLOSE;EREMUA                                                    ÁMBITO;BATEZBESTEKOA MEDIA;< 2 urte             < 2 años;2 - 5 urte       2 - 5 años;5 - 10 urte       5 - 10 años;>10 urte          >10 años;;
Nazionala/Nacional;ESPAÑA;5.019,00;8,76;10,11;18,65;62,48;;
Euskadi/País Vasco;EUSKADI/PAIS VASCO;6.659,00;3,78;6,75;16,20;73,27;;
;;;;;;;;
2.1.-Salerosketa-banaketa (%). 2017ko 1. hiruhilekoa;;;;;;;;
2.1.- Distribución de compraventas (%). 01 trimestre 2017;;;;;;;;
BANATZEA                                        DESGLOSE;EREMUA                                                    ÁMBITO;LIBRE BERRIA NUEVA LIBRE;BERRIA BABESTUA NUEVA VPO;LIBRE ERABILIA USADA LIBRE;ERABILIA BABESTUA USADA VPO;;;
Nazionala/Nacional;ESPAÑA;16,03;1,99;74,14;7,84;;;
Euskadi/País Vasco;EUSKADI/PAIS VASCO;14,72;4,75;74,10;6,43;;;
Erakunde Autonomoa/CCAA;ANDALUZIA/ANDALUCIA;18,75;1,51;72,28;7,46;;;
Erakunde Autonomoa/CCAA;ARAGOI/ARAGON;16,59;1,11;70,19;12,11;;;
Erakunde Autonomoa/CCAA;ASTURIAS/ASTURIAS;18,59;4,42;63,73;13,26;;;
Erakunde Autonomoa/CCAA;BALEAR UHARTEAK/BALEARES;19,07;0,05;79,02;1,86;;;
Erakunde Autonomoa/CCAA;KANARIAR UHARTEAK/CANARIAS;19,51;0,84;76,75;2,90;;;
Erakunde Autonomoa/CCAA;KANTABRIA/CANTABRIA;16,12;0,80;76,33;6,75;;;
Erakunde Autonomoa/CCAA;GAZTELA ETA LEON/CASTILLA Y LEON;19,98;2,79;67,46;9,77;;;
Erakunde Autonomoa/CCAA;GAZTELA-MANTXA/CASTILLA-LA MANCHA;15,79;3,04;74,13;7,04;;;
Erakunde Autonomoa/CCAA;KATALUNIA/CATALUÑA;11,53;0,88;78,13;9,46;;;
Erakunde Autonomoa/CCAA;EXTREMADURA/EXTREMADURA;6,35;2,46;70,99;20,20;;;
Erakunde Autonomoa/CCAA;GALIZIA/GALICIA;25,71;1,69;68,20;4,40;;;
Erakunde Autonomoa/CCAA;MADRIL/MADRID;18,46;3,18;73,05;5,31;;;
Erakunde Autonomoa/CCAA;MURTZIA/MURCIA;14,64;1,10;76,72;7,54;;;
Erakunde Autonomoa/CCAA;NAFARROA/NAVARRA;11,58;10,56;67,98;9,88;;;
Erakunde Autonomoa/CCAA;ERRIOXA/LA RIOJA;16,13;1,48;70,53;11,86;;;
Erakunde Autonomoa/CCAA;VALENTZIA KOMUNITATEA/VALENCIA;11,93;1,76;76,61;9,70;;;
Capitales de TTHH;Vitoria-Gasteiz;19,96;5,48;60,09;14,47;;;
Capitales de TTHH;Donostia/San Sebastián;18,72;0,00;80,82;0,46;;;
Capitales de TTHH;Bilbao;5,01;0,00;92,75;2,24;;;
Resto de TTHH;Resto ARABA/ÁLAVA;12,22;0,00;78,89;8,89;;;
Resto de TTHH;Resto GIPUZKOA;15,50;5,10;75,00;4,40;;;
Resto de TTHH;Resto BIZKAIA;16,79;7,49;67,61;8,11;;;
Áreas funcionales;Álava Central;18,67;5,02;62,86;13,45;;;
Áreas funcionales;Balmaseda-Zalla;5,88;0,00;91,18;2,94;;;
Áreas funcionales;Beasain-Zumárraga;8,60;0,00;81,72;9,68;;;
Áreas funcionales;Bilbao Metropolitano;10,14;5,34;78,01;6,51;;;
Áreas funcionales;Donostia-San Sebastián;13,54;6,61;77,96;1,89;;;
Áreas funcionales;Durango;39,16;3,01;54,22;3,61;;;
Áreas funcionales;Eibar;30,65;2,42;62,09;4,84;;;
Áreas funcionales;Gernika-Markina;11,11;2,22;75,56;11,11;;;
Áreas funcionales;Igorre;66,67;0,00;33,33;0,00;;;
Áreas funcionales;Laguardia;56,25;0,00;43,75;0,00;;;
Áreas funcionales;Laudio / Llodio;2,44;0,00;78,05;19,51;;;
Áreas funcionales;Arrasate-Bergara;39,78;5,38;45,16;9,68;;;
Áreas funcionales;Mungia;13,64;22,73;59,08;4,55;;;
Áreas funcionales;Tolosa;10,00;1,00;84,00;5,00;;;
Áreas funcionales;Zarautz-Azpeitia;12,17;0,00;85,71;2,12;;;
;;;;;;;;
3.1.1.- Hipoteka-kreditu berriko banaketa(%).  2017ko 1. hiruhilekoa;;;;;;;;
3.1.1.- Distribución del volumen de nuevo crédito hipotecario(%).  01 trimestre 2017;;;;;;;;
BANATZEA                                        DESGLOSE;EREMUA                                                    ÁMBITO;BANKUAK/KUTXAK BANCOS/CAJAS;BESTELAKOAK OTRAS;;;;;
Nazionala/Nacional;ESPAÑA;90,79;9,21;;;;;
Euskadi/País Vasco;EUSKADI/PAIS VASCO;80,49;19,51;;;;;
Erakunde Autonomoa/CCAA;ANDALUZIA/ANDALUCIA;91,50;8,50;;;;;
Erakunde Autonomoa/CCAA;ARAGOI/ARAGON;78,15;21,85;;;;;
Erakunde Autonomoa/CCAA;ASTURIAS/ASTURIAS;87,88;12,12;;;;;
Erakunde Autonomoa/CCAA;BALEAR UHARTEAK/BALEARES;94,42;5,58;;;;;
Erakunde Autonomoa/CCAA;KANARIAR UHARTEAK/CANARIAS;88,68;11,32;;;;;
Erakunde Autonomoa/CCAA;KANTABRIA/CANTABRIA;95,70;4,30;;;;;
Erakunde Autonomoa/CCAA;GAZTELA ETA LEON/CASTILLA Y LEON;85,51;14,49;;;;;
Erakunde Autonomoa/CCAA;GAZTELA-MANTXA/CASTILLA-LA MANCHA;84,68;15,32;;;;;
Erakunde Autonomoa/CCAA;KATALUNIA/CATALUÑA;92,27;7,73;;;;;
Erakunde Autonomoa/CCAA;EXTREMADURA/EXTREMADURA;92,39;7,61;;;;;
Erakunde Autonomoa/CCAA;GALIZIA/GALICIA;94,94;5,06;;;;;
Erakunde Autonomoa/CCAA;MADRIL/MADRID;96,63;3,37;;;;;
Erakunde Autonomoa/CCAA;MURTZIA/MURCIA;89,28;10,72;;;;;
Erakunde Autonomoa/CCAA;NAFARROA/NAVARRA;70,41;29,59;;;;;
Erakunde Autonomoa/CCAA;ERRIOXA/LA RIOJA;84,33;15,67;;;;;
Erakunde Autonomoa/CCAA;VALENTZIA KOMUNITATEA/VALENCIA;88,62;11,38;;;;;
Hiriburak/Capitales de TTHH;Vitoria-Gasteiz;87,77;12,23;;;;;
Hiriburak/Capitales de TTHH;Donostia/San Sebastián;74,04;25,96;;;;;
Hiriburak/Capitales de TTHH;Bilbao;84,92;15,08;;;;;
Lurralderen gainerakoa/Resto de TTHH;ARABA/ÁLAVA;85,76;14,24;;;;;
Lurralderen gainerakoa/Resto de TTHH;GIPUZKOA;71,65;28,35;;;;;
Lurralderen gainerakoa/Resto de TTHH;BIZKAIA;82,50;17,50;;;;;
Eskualde Egitura/Áreas funcionales;Álava Central;88,14;11,86;;;;;
Eskualde Egitura/Áreas funcionales;Balmaseda-Zalla;100,00;0,00;;;;;
Eskualde Egitura/Áreas funcionales;Beasain-Zumárraga;54,84;45,16;;;;;
Eskualde Egitura/Áreas funcionales;Bilbao Metropolitano;83,77;16,23;;;;;
Eskualde Egitura/Áreas funcionales;Donostia-San Sebastián;75,37;24,63;;;;;
Eskualde Egitura/Áreas funcionales;Durango;75,13;24,87;;;;;
Eskualde Egitura/Áreas funcionales;Eibar;89,25;10,75;;;;;
Eskualde Egitura/Áreas funcionales;Gernika-Markina;79,55;20,45;;;;;
Eskualde Egitura/Áreas funcionales;Igorre;89,84;10,16;;;;;
Eskualde Egitura/Áreas funcionales;Laguardia;100,00;0,00;;;;;
Eskualde Egitura/Áreas funcionales;Laudio / Llodio;75,60;24,40;;;;;
Eskualde Egitura/Áreas funcionales;Arrasate-Bergara;43,13;56,87;;;;;
Eskualde Egitura/Áreas funcionales;Mungia;95,52;4,48;;;;;
Eskualde Egitura/Áreas funcionales;Tolosa;86,35;13,65;;;;;
Eskualde Egitura/Áreas funcionales;Zarautz-Azpeitia;65,96;34,04;;;;;
;;;;;;;;
3.1.2.- Hipoteka-kreditu berriko banaketa(%). Higiezin mota. 2017ko 1. hiruhilekoa;;;;;;;;
3.1.2.- Distribución del volumen de nuevo crédito hipotecario (%). Tipo bien inmueble. 01 trimestre 2017;;;;;;;;
BANATZEA                                        DESGLOSE;EREMUA                                                    ÁMBITO;ETXEBIZITZAK VIVIENDAS;LOKALAK    LOCALES;GARAJEAK/TRASTEROAK GARAJE/TRASTEROS;ORUBEAK SOLARES;NABEAK   NAVES;LARREKOAK RUSTICOS;
Nazionala/Nacional;ESPAÑA;81,07;6,29;1,05;7,35;3,68;0,56;
Euskadi/País Vasco;EUSKADI/PAIS VASCO;70,10;5,88;0,98;17,96;4,74;0,34;
Erakunde Autonomoa/CCAA;ANDALUZIA/ANDALUCIA;85,90;4,91;1,20;4,00;3,09;0,90;
Erakunde Autonomoa/CCAA;ARAGOI/ARAGON;74,00;3,11;1,91;16,76;4,09;0,13;
Erakunde Autonomoa/CCAA;ASTURIAS/ASTURIAS;73,81;7,00;0,90;5,64;8,05;4,60;
Erakunde Autonomoa/CCAA;BALEAR UHARTEAK/BALEARES;84,98;5,43;0,95;5,23;1,94;1,47;
Erakunde Autonomoa/CCAA;KANARIAR UHARTEAK/CANARIAS;73,34;11,32;1,34;4,66;7,92;1,42;
Erakunde Autonomoa/CCAA;KANTABRIA/CANTABRIA;81,73;7,33;2,16;3,73;2,84;2,21;
Erakunde Autonomoa/CCAA;GAZTELA ETA LEON/CASTILLA Y LEON;74,67;11,87;1,05;5,18;6,55;0,68;
Erakunde Autonomoa/CCAA;GAZTELA-MANTXA/CASTILLA-LA MANCHA;85,61;4,93;1,19;2,24;5,55;0,48;
Erakunde Autonomoa/CCAA;KATALUNIA/CATALUÑA;82,16;6,79;0,92;5,38;4,61;0,14;
Erakunde Autonomoa/CCAA;EXTREMADURA/EXTREMADURA;81,49;5,11;1,71;4,18;6,74;0,77;
Erakunde Autonomoa/CCAA;GALIZIA/GALICIA;78,06;9,62;1,68;4,68;4,21;1,75;
Erakunde Autonomoa/CCAA;MADRIL/MADRID;84,76;4,99;0,71;9,14;0,40;0,00;
Erakunde Autonomoa/CCAA;MURTZIA/MURCIA;80,69;8,19;1,51;5,46;3,31;0,84;
Erakunde Autonomoa/CCAA;NAFARROA/NAVARRA;62,42;8,83;0,61;15,96;11,94;0,24;
Erakunde Autonomoa/CCAA;ERRIOXA/LA RIOJA;81,47;4,89;1,36;6,33;4,94;1,01;
Erakunde Autonomoa/CCAA;VALENTZIA KOMUNITATEA/VALENCIA;82,69;6,38;1,08;5,54;3,85;0,46;
Lurraldea/TTHH;ARABA/ÁLAVA;79,21;5,40;1,02;12,64;1,73;0,00;
Lurraldea/TTHH;GIPUZKOA;76,56;4,86;0,99;8,44;8,55;0,60;
Lurraldea/TTHH;BIZKAIA;65,21;6,48;0,96;23,74;3,34;0,27;
;;;;;;;;
3.1.3.- Hipoteka-kreditu berriko banaketa (%). Babesaren gradua.  2017ko 1. hiruhilekoa;;;;;;;;
3.1.3.- Distribución del volumen de nuevo crédito hipotecario (%). Grado protección. 01 trimestre 2017;;;;;;;;
BANATZEA                                        DESGLOSE;EREMUA                                                    ÁMBITO;ETXEBIZITZA LIBREA VIVIENDA LIBRE;ETXEBIZITZA BABESTUA VIVIENDA PROTEGIDA;LIBRE BANKUAK/KUTXAK LIBRE BANCOS/CAJAS;LIBRE BESTEAK LIBRE OTRAS;BABESTUAK BANKUAK/KUTXAK VPO BANCOS/CAJAS;BABESTUAK BESTEAK VPO OTRAS;
Nazionala/Nacional;ESPAÑA;91,20;8,80;91,12;8,88;90,94;9,06;
Euskadi/País Vasco;EUSKADI/PAIS VASCO;89,55;10,45;81,10;18,90;79,82;20,18;
Erakunde Autonomoa/CCAA;ANDALUZIA/ANDALUCIA;90,91;9,09;91,28;8,72;91,33;8,67;
Erakunde Autonomoa/CCAA;ARAGOI/ARAGON;86,02;13,98;84,64;15,36;86,78;13,22;
Erakunde Autonomoa/CCAA;ASTURIAS/ASTURIAS;83,31;16,69;76,48;23,52;71,92;28,08;
Erakunde Autonomoa/CCAA;BALEAR UHARTEAK/BALEARES;98,05;1,95;94,92;5,08;97,88;2,12;
Erakunde Autonomoa/CCAA;KANARIAR UHARTEAK/CANARIAS;92,81;7,19;88,74;11,26;92,84;7,16;
Erakunde Autonomoa/CCAA;KANTABRIA/CANTABRIA;93,72;6,28;96,15;3,85;95,16;4,84;
Erakunde Autonomoa/CCAA;GAZTELA ETA LEON/CASTILLA Y LEON;87,62;12,38;87,59;12,41;87,76;12,24;
Erakunde Autonomoa/CCAA;GAZTELA-MANTXA/CASTILLA-LA MANCHA;92,04;7,96;83,29;16,71;87,30;12,70;
Erakunde Autonomoa/CCAA;KATALUNIA/CATALUÑA;92,33;7,67;92,59;7,41;97,27;2,73;
Erakunde Autonomoa/CCAA;EXTREMADURA/EXTREMADURA;80,49;19,51;93,29;6,71;90,86;9,14;
Erakunde Autonomoa/CCAA;GALIZIA/GALICIA;94,95;5,05;96,28;3,72;97,08;2,92;
Erakunde Autonomoa/CCAA;MADRIL/MADRID;91,64;8,36;96,25;3,75;97,90;2,10;
Erakunde Autonomoa/CCAA;MURTZIA/MURCIA;88,89;11,11;88,94;11,06;85,12;14,88;
Erakunde Autonomoa/CCAA;NAFARROA/NAVARRA;84,43;15,57;62,39;37,61;69,75;30,25;
Erakunde Autonomoa/CCAA;ERRIOXA/LA RIOJA;89,90;10,10;85,50;14,50;84,01;15,99;
Erakunde Autonomoa/CCAA;VALENTZIA KOMUNITATEA/VALENCIA;90,50;9,50;90,96;9,04;87,30;12,70;
Lurraldea/TTHH;ARABA/ÁLAVA;78,99;21,01;83,32;16,68;83,33;16,67;
Lurraldea/TTHH;GIPUZKOA;95,88;4,12;76,46;23,54;66,14;33,86;
Lurraldea/TTHH;BIZKAIA;88,10;11,90;83,68;16,32;81,29;18,71;
;;;;;;;;
3.2.1.- Kontratatutako hipoteka-kredituko batez bestekoa m koadroka (€). 2017ko 1. hiruhilekoa;;;;;;;;
3.2.1.- Importe medio de crédito hipotecario contratado por m²(€). 01 trimestre 2017;;;;;;;;
BANATZEA                                        DESGLOSE;EREMUA                                                    ÁMBITO;BATEZBESTEKOA MEDIA;BANKUAK/KUTXAK BANCOS;BESTELAKOAK OTRAS;;;;
Nazionala/Nacional;ESPAÑA;1.187,70;1.195,71;1.102,52;;;;
Euskadi/País Vasco;EUSKADI/PAIS VASCO;1.601,37;1.587,16;1.661,75;;;;
Erakunde Autonomoa/CCAA;ANDALUZIA/ANDALUCIA;952,05;958,58;878,61;;;;
Erakunde Autonomoa/CCAA;ARAGOI/ARAGON;1.004,47;1.018,24;896,65;;;;
Erakunde Autonomoa/CCAA;ASTURIAS/ASTURIAS;1.032,47;1.063,63;957,07;;;;
Erakunde Autonomoa/CCAA;BALEAR UHARTEAK/BALEARES;1.424,92;1.425,42;1.401,46;;;;
Erakunde Autonomoa/CCAA;KANARIAR UHARTEAK/CANARIAS;1.014,76;1.015,03;1.010,38;;;;
Erakunde Autonomoa/CCAA;KANTABRIA/CANTABRIA;1.093,49;1.098,17;919,82;;;;
Erakunde Autonomoa/CCAA;GAZTELA ETA LEON/CASTILLA Y LEON;864,82;866,01;855,85;;;;
Erakunde Autonomoa/CCAA;GAZTELA-MANTXA/CASTILLA-LA MANCHA;700,22;701,53;691,87;;;;
Erakunde Autonomoa/CCAA;KATALUNIA/CATALUÑA;1.464,30;1.469,95;1.382,29;;;;
Erakunde Autonomoa/CCAA;EXTREMADURA/EXTREMADURA;662,30;667,34;594,33;;;;
Erakunde Autonomoa/CCAA;GALIZIA/GALICIA;1.025,52;1.026,73;948,12;;;;
Erakunde Autonomoa/CCAA;MADRIL/MADRID;1.691,92;1.694,62;1.631,95;;;;
Erakunde Autonomoa/CCAA;MURTZIA/MURCIA;775,94;786,99;682,35;;;;
Erakunde Autonomoa/CCAA;NAFARROA/NAVARRA;1.101,22;1.096,66;1.110,10;;;;
Erakunde Autonomoa/CCAA;ERRIOXA/LA RIOJA;813,67;806,99;851,73;;;;
Erakunde Autonomoa/CCAA;VALENTZIA KOMUNITATEA/VALENCIA;835,65;840,60;775,29;;;;
Hiriburak/Capitales de TTHH;Vitoria-Gasteiz;1.237,84;1.232,33;1.254,89;;;;
Hiriburak/Capitales de TTHH;Donostia-San Sebastián;2.509,53;2.431,15;2.763,25;;;;
Hiriburak/Capitales de TTHH;Bilbao;1.566,62;1.583,92;1.502,88;;;;
Lurralderen gainerakoa/Resto de TTHH;ARABA/ÁLAVA;1.105,37;1.060,36;1.274,14;;;;
Lurralderen gainerakoa/Resto de TTHH;GIPUZKOA;1.642,66;1.618,80;1.707,00;;;;
Lurralderen gainerakoa/Resto de TTHH;BIZKAIA;1.611,73;1.598,11;1.716,73;;;;
Eskualde Egitura/Áreas funcionales;Álava Central;1.215,03;1.210,92;1.228,46;;;;
Eskualde Egitura/Áreas funcionales;Balmaseda-Zalla;1.366,62;1.366,61; n.d. ;;;;
Eskualde Egitura/Áreas funcionales;Beasain-Zumárraga;1.378,28;1.365,01;1.422,85;;;;
Eskualde Egitura/Áreas funcionales;Bilbao Metropolitano;1.592,83;1.586,40;1.628,65;;;;
Eskualde Egitura/Áreas funcionales;Donostia-San Sebastián;2.022,56;1.975,52;2.170,86;;;;
Eskualde Egitura/Áreas funcionales;Durango;1.715,91;1.712,50; n.d. ;;;;
Eskualde Egitura/Áreas funcionales;Eibar;1.449,49;1.418,11;1.616,81;;;;
Eskualde Egitura/Áreas funcionales;Gernika-Markina;1.521,16;1.518,29; n.d. ;;;;
Eskualde Egitura/Áreas funcionales;Igorre;1.665,62;1.706,74; n.d. ;;;;
Eskualde Egitura/Áreas funcionales;Laguardia;731,23; n.d. ; n.d. ;;;;
Eskualde Egitura/Áreas funcionales;Laudio / Llodio;1.223,27;1.143,71;1.427,14;;;;
Eskualde Egitura/Áreas funcionales;Arrasate-Bergara;1.425,88;1.268,81;1.567,74;;;;
Eskualde Egitura/Áreas funcionales;Mungia;1.500,08; n.d. ; n.d. ;;;;
Eskualde Egitura/Áreas funcionales;Tolosa;1.385,40;1.393,86; n.d. ;;;;
Eskualde Egitura/Áreas funcionales;Zarautz-Azpeitia;2.028,14;2.123,36;1.859,33;;;;
;;;;;;;;
3.2.3.- Kontratatutako hipoteka-kredituko batez bestekoa transakzioka (€). 2017ko 1. hiruhilekoa;;;;;;;;
3.2.3.- Importe medio de crédito hipotecario contratado por transacción (€). 01 trimestre 2017;;;;;;;;
;;;;;;;;
;;;Itzuli;Volver;;;;
BANATZEA                                        DESGLOSE;EREMUA                                                    ÁMBITO;BATEZBESTEKOA MEDIA;BANKUAK/KUTXAK BANCOS/CAJAS;BESTELAKOAK OTRAS;;;;
Nazionala/Nacional;ESPAÑA;116.182,29;117.577,48;103.582,76;;;;
Euskadi/País Vasco;EUSKADI/PAIS VASCO;129.971,75;129.837,83;130.544,67;;;;
Erakunde Autonomoa/CCAA;ANDALUZIA/ANDALUCIA;97.208,19;97.748,66;91.888,81;;;;
Erakunde Autonomoa/CCAA;ARAGOI/ARAGON;95.174,09;94.099,35;101.725,29;;;;
Erakunde Autonomoa/CCAA;ASTURIAS/ASTURIAS;88.703,16;91.521,48;80.931,70;;;;
Erakunde Autonomoa/CCAA;BALEAR UHARTEAK/BALEARES;150.591,66;148.308,17;212.448,11;;;;
Erakunde Autonomoa/CCAA;KANARIAR UHARTEAK/CANARIAS;86.508,97;85.336,46;97.369,55;;;;
Erakunde Autonomoa/CCAA;KANTABRIA/CANTABRIA;101.626,88;101.276,33;111.068,99;;;;
Erakunde Autonomoa/CCAA;GAZTELA ETA LEON/CASTILLA Y LEON;91.713,91;92.724,78;85.149,83;;;;
Erakunde Autonomoa/CCAA;GAZTELA-MANTXA/CASTILLA-LA MANCHA;85.102,64;84.077,72;90.743,90;;;;
Erakunde Autonomoa/CCAA;KATALUNIA/CATALUÑA;135.089,78;135.779,83;126.611,19;;;;
Erakunde Autonomoa/CCAA;EXTREMADURA/EXTREMADURA;75.577,40;76.597,46;64.488,40;;;;
Erakunde Autonomoa/CCAA;GALIZIA/GALICIA;92.374,84;91.940,65;105.417,30;;;;
Erakunde Autonomoa/CCAA;MADRIL/MADRID;177.332,74;179.077,39;140.762,51;;;;
Erakunde Autonomoa/CCAA;MURTZIA/MURCIA;77.614,42;79.884,46;63.673,79;;;;
Erakunde Autonomoa/CCAA;NAFARROA/NAVARRA;108.732,71;109.182,94;107.956,89;;;;
Erakunde Autonomoa/CCAA;ERRIOXA/LA RIOJA;91.134,13;92.683,22;83.046,68;;;;
Erakunde Autonomoa/CCAA;VALENTZIA KOMUNITATEA/VALENCIA;86.462,05;87.231,42;79.680,05;;;;
Hiriburak/Capitales de TTHH;Vitoria-Gasteiz;106.874,02;104.285,21;121.812,16;;;;
Hiriburak/Capitales de TTHH;Donostia-San Sebastián;196.476,39;197.308,65;193.162,23;;;;
Hiriburak/Capitales de TTHH;Bilbao;144.207,27;147.020,10;134.663,07;;;;
Lurralderen gainerakoa/Resto de TTHH;ARABA/ÁLAVA;113.433,95;109.892,20; n.d. ;;;;
Lurralderen gainerakoa/Resto de TTHH;GIPUZKOA;120.098,61;117.834,98;127.044,28;;;;
Lurralderen gainerakoa/Resto de TTHH;BIZKAIA;126.695,25;128.105,34;118.936,73;;;;
Eskualde Egitura/Áreas funcionales;Álava Central;106.943,31;104.717,53;120.356,58;;;;
Eskualde Egitura/Áreas funcionales;Balmaseda-Zalla;115.414,53;115.414,53; n.d. ;;;;
Eskualde Egitura/Áreas funcionales;Beasain-Zumárraga;107.142,81;91.182,37;138.285,12;;;;
Eskualde Egitura/Áreas funcionales;Bilbao Metropolitano;132.439,79;133.994,61;125.594,10;;;;
Eskualde Egitura/Áreas funcionales;Donostia-San Sebastián;150.881,63;151.363,52;148.799,44;;;;
Eskualde Egitura/Áreas funcionales;Durango;134.932,87;136.086,27;120.996,03;;;;
Eskualde Egitura/Áreas funcionales;Eibar;103.554,27;99.677,49;129.307,14;;;;
Eskualde Egitura/Áreas funcionales;Gernika-Markina;112.897,85;103.771,92;123.683,05;;;;
Eskualde Egitura/Áreas funcionales;Igorre;112.506,16;116.854,36; n.d. ;;;;
Eskualde Egitura/Áreas funcionales;Laguardia;106.798,04; n.d. ; n.d. ;;;;
Eskualde Egitura/Áreas funcionales;Laudio / Llodio;114.996,70;105.627,33; n.d. ;;;;
Eskualde Egitura/Áreas funcionales;Arrasate-Bergara;108.805,42;106.736,70;110.715,00;;;;
Eskualde Egitura/Áreas funcionales;Mungia;170.850,28;175.473,04; n.d. ;;;;
Eskualde Egitura/Áreas funcionales;Tolosa;107.873,93;108.978,03; n.d. ;;;;
Eskualde Egitura/Áreas funcionales;Zarautz-Azpeitia;148.209,48;148.706,09;147.342,65;;;;
;;;;;;;;
3.3.- Interes-tipoak. Erreferentziar indizeak (%). 2017ko 1. hiruhilekoa;;;;;;;;
3.3.- Tipos de interés. Índices de referencia (%). 01 trimestre 2017;;;;;;;;
BANATZEA                                        DESGLOSE;EREMUA                                                    ÁMBITO;Finkoa     Fijo;Aldagarria Variable;Euriborra Euribor;HMEI      IRPH;Bestelakoak Otros;;
Nazionala/Nacional;ESPAÑA;38,70;61,30;60,30;0,39;0,61;;
Euskadi/País Vasco;EUSKADI/PAIS VASCO;30,37;69,63;69,02;0,11;0,50;;
Erakunde Autonomoa/CCAA;ANDALUZIA/ANDALUCIA;39,00;61,00;59,40;0,69;0,91;;
Erakunde Autonomoa/CCAA;ARAGOI/ARAGON;33,16;66,84;66,52;0,20;0,12;;
Erakunde Autonomoa/CCAA;ASTURIAS/ASTURIAS;53,90;46,10;45,91;0,13;0,06;;
Erakunde Autonomoa/CCAA;BALEAR UHARTEAK/BALEARES;44,69;55,31;54,31;0,59;0,41;;
Erakunde Autonomoa/CCAA;KANARIAR UHARTEAK/CANARIAS;33,63;66,37;65,29;0,33;0,75;;
Erakunde Autonomoa/CCAA;KANTABRIA/CANTABRIA;32,08;67,92;67,51;0,08;0,33;;
Erakunde Autonomoa/CCAA;GAZTELA ETA LEON/CASTILLA Y LEON;32,33;67,67;67,07;0,30;0,30;;
Erakunde Autonomoa/CCAA;GAZTELA-MANTXA/CASTILLA-LA MANCHA;26,88;73,12;71,37;1,20;0,55;;
Erakunde Autonomoa/CCAA;KATALUNIA/CATALUÑA;51,15;48,85;47,97;0,47;0,41;;
Erakunde Autonomoa/CCAA;EXTREMADURA/EXTREMADURA;22,33;77,67;76,42;0,59;0,66;;
Erakunde Autonomoa/CCAA;GALIZIA/GALICIA;36,47;63,53;62,60;0,26;0,67;;
Erakunde Autonomoa/CCAA;MADRIL/MADRID;27,20;72,80;71,97;0,04;0,79;;
Erakunde Autonomoa/CCAA;MURTZIA/MURCIA;50,05;49,95;49,40;0,23;0,32;;
Erakunde Autonomoa/CCAA;NAFARROA/NAVARRA;32,91;67,09;66,37;0,16;0,56;;
Erakunde Autonomoa/CCAA;ERRIOXA/LA RIOJA;35,26;64,74;64,41; -     ;0,33;;
Erakunde Autonomoa/CCAA;VALENTZIA KOMUNITATEA/VALENCIA;46,01;53,99;52,83;0,39;0,77;;
Lurraldea/TTHH;ARABA/ÁLAVA;19,25;80,75;80,41; -     ;0,34;;
Lurraldea/TTHH;GIPUZKOA;29,59;70,41;70,34;0,07; -     ;;
Lurraldea/TTHH;BIZKAIA;33,40;66,60;65,61;0,16;0,83;;
;;;;;;;;
3.4.1.- Hipoteka-kredituen batez besteko iraupena (hilabetetan). Finantza-erakunde mota. 2017ko 1. hiruhilekoa;;;;;;;;
3.4.1.- Duración media de los nuevos créditos hipotecarios (meses). Tipo entidad. 01 trimestre 2017;;;;;;;;
BANATZEA                                        DESGLOSE;EREMUA                                                         ÁMBITO;BATEZBESTEKOA MEDIA;BANKUAK/KUTXAK BANCOS/CAJAS;BESTELAKOAK OTRAS;;;;
Nazionala/Nacional;ESPAÑA;280,00;282,00;258,00;;;;
Euskadi/País Vasco;EUSKADI/PAIS VASCO;293,00;297,00;273,00;;;;
Erakunde Autonomoa/CCAA;ANDALUZIA/ANDALUCIA;280,00;282,00;262,00;;;;
Erakunde Autonomoa/CCAA;ARAGOI/ARAGON;268,00;271,00;254,00;;;;
Erakunde Autonomoa/CCAA;ASTURIAS/ASTURIAS;272,00;270,00;279,00;;;;
Erakunde Autonomoa/CCAA;BALEAR UHARTEAK/BALEARES;258,00;262,00;155,00;;;;
Erakunde Autonomoa/CCAA;KANARIAR UHARTEAK/CANARIAS;246,00;248,00;235,00;;;;
Erakunde Autonomoa/CCAA;KANTABRIA/CANTABRIA;283,00;284,00;263,00;;;;
Erakunde Autonomoa/CCAA;GAZTELA ETA LEON/CASTILLA Y LEON;277,00;277,00;274,00;;;;
Erakunde Autonomoa/CCAA;GAZTELA-MANTXA/CASTILLA-LA MANCHA;284,00;285,00;277,00;;;;
Erakunde Autonomoa/CCAA;KATALUNIA/CATALUÑA;278,00;281,00;244,00;;;;
Erakunde Autonomoa/CCAA;EXTREMADURA/EXTREMADURA;284,00;285,00;268,00;;;;
Erakunde Autonomoa/CCAA;GALIZIA/GALICIA;279,00;281,00;219,00;;;;
Erakunde Autonomoa/CCAA;MADRIL/MADRID;307,00;309,00;269,00;;;;
Erakunde Autonomoa/CCAA;MURTZIA/MURCIA;266,00;270,00;242,00;;;;
Erakunde Autonomoa/CCAA;NAFARROA/NAVARRA;279,00;286,00;267,00;;;;
Erakunde Autonomoa/CCAA;ERRIOXA/LA RIOJA;268,00;270,00;255,00;;;;
Erakunde Autonomoa/CCAA;VALENTZIA KOMUNITATEA/VALENCIA;262,00;265,00;242,00;;;;
Hiriburak/Capitales de TTHH;Vitoria-Gasteiz;272,00;268,00;298,00;;;;
Hiriburak/Capitales de TTHH;Donostia-San Sebastián;289,00;292,00;279,00;;;;
Hiriburak/Capitales de TTHH;Bilbao;298,00;300,00;291,00;;;;
Lurralderen gainerakoa/Resto de TTHH;ARABA/ÁLAVA;297,00;292,00; n.d. ;;;;
Lurralderen gainerakoa/Resto de TTHH;GIPUZKOA;294,00;300,00;274,00;;;;
Lurralderen gainerakoa/Resto de TTHH;BIZKAIA;297,00;306,00;249,00;;;;
Eskualde Egitura/Áreas funcionales;Álava Central;273,00;269,00;297,00;;;;
Eskualde Egitura/Áreas funcionales;Balmaseda-Zalla;330,00;330,00; n.d. ;;;;
Eskualde Egitura/Áreas funcionales;Beasain-Zumárraga;229,00;252,00;184,00;;;;
Eskualde Egitura/Áreas funcionales;Bilbao Metropolitano;296,00;303,00;265,00;;;;
Eskualde Egitura/Áreas funcionales;Donostia-San Sebastián;304,00;307,00;288,00;;;;
Eskualde Egitura/Áreas funcionales;Durango;311,00;314,00;278,00;;;;
Eskualde Egitura/Áreas funcionales;Eibar;277,00;275,00;296,00;;;;
Eskualde Egitura/Áreas funcionales;Gernika-Markina;300,00;311,00;287,00;;;;
Eskualde Egitura/Áreas funcionales;Igorre;315,00;329,00; n.d. ;;;;
Eskualde Egitura/Áreas funcionales;Laguardia;270,00; n.d. ; n.d. ;;;;
Eskualde Egitura/Áreas funcionales;Laudio / Llodio;316,00;309,00; n.d. ;;;;
Eskualde Egitura/Áreas funcionales;Arrasate-Bergara;295,00;294,00;296,00;;;;
Eskualde Egitura/Áreas funcionales;Mungia;268,00;265,00; n.d. ;;;;
Eskualde Egitura/Áreas funcionales;Tolosa;294,00;295,00; n.d. ;;;;
Eskualde Egitura/Áreas funcionales;Zarautz-Azpeitia;299,00;305,00;289,00;;;;
;;;;;;;;
3.4.2.- Hipoteka-kredituen batez besteko iraupena (hilabetetan). Higiezin mota.  2017ko 1. hiruhilekoa;;;;;;;;
3.4.2.- Duración media de los nuevos créditos hipotecarios (meses). Tipo bien inmueble. 01 trimestre 2017;;;;;;;;
BANATZEA                                        DESGLOSE;EREMUA                                                    ÁMBITO;BATEZBESTEKOA MEDIA;ETXEBIZITZAK VIVIENDAS;LOKALAK LOCALES;GARAJEAK/TRASTEROAK GARAJE/TRASTEROS;ORUBEAK SOLARES;NABEAK   NAVES;
Nazionala/Nacional;ESPAÑA;273,00;280,00;174,00;289,00;233,00;164,00;
Euskadi/País Vasco;EUSKADI/PAIS VASCO;285,00;293,00;173,00;323,00;212,00;167,00;
Erakunde Autonomoa/CCAA;ANDALUZIA/ANDALUCIA;272,00;280,00;174,00;267,00;249,00;169,00;
Erakunde Autonomoa/CCAA;ARAGOI/ARAGON;270,00;268,00;182,00;299,00;192,00;175,00;
Erakunde Autonomoa/CCAA;ASTURIAS/ASTURIAS;266,00;272,00;160,00;311,00;175,00;166,00;
Erakunde Autonomoa/CCAA;BALEAR UHARTEAK/BALEARES;248,00;259,00;159,00;233,00;204,00;155,00;
Erakunde Autonomoa/CCAA;KANARIAR UHARTEAK/CANARIAS;241,00;247,00;172,00;274,00;164,00;140,00;
Erakunde Autonomoa/CCAA;KANTABRIA/CANTABRIA;285,00;283,00;199,00;318,00; n.d. ;128,00;
Erakunde Autonomoa/CCAA;GAZTELA ETA LEON/CASTILLA Y LEON;275,00;277,00;189,00;315,00;265,00;170,00;
Erakunde Autonomoa/CCAA;GAZTELA-MANTXA/CASTILLA-LA MANCHA;276,00;284,00;165,00;290,00;252,00;156,00;
Erakunde Autonomoa/CCAA;KATALUNIA/CATALUÑA;271,00;278,00;168,00;283,00;230,00;151,00;
Erakunde Autonomoa/CCAA;EXTREMADURA/EXTREMADURA;281,00;284,00;198,00;332,00;274,00;175,00;
Erakunde Autonomoa/CCAA;GALIZIA/GALICIA;280,00;279,00;191,00;323,00;203,00;174,00;
Erakunde Autonomoa/CCAA;MADRIL/MADRID;302,00;307,00;176,00;294,00;329,00;150,00;
Erakunde Autonomoa/CCAA;MURTZIA/MURCIA;261,00;266,00;172,00;291,00;272,00;173,00;
Erakunde Autonomoa/CCAA;NAFARROA/NAVARRA;261,00;281,00;177,00;213,00;168,00;145,00;
Erakunde Autonomoa/CCAA;ERRIOXA/LA RIOJA;265,00;268,00;147,00;337,00; n.d. ; n.d. ;
Erakunde Autonomoa/CCAA;VALENTZIA KOMUNITATEA/VALENCIA;259,00;262,00;176,00;281,00;154,00;179,00;
Hiriburak/Capitales de TTHH;Vitoria-Gasteiz;268,00;272,00;145,00;312,00; n.d. ; n.d. ;
Hiriburak/Capitales de TTHH;Donostia-San Sebastián;283,00;289,00;188,00;334,00; n.d. ; n.d. ;
Hiriburak/Capitales de TTHH;Bilbao;286,00;298,00;162,00;292,00; n.d. ; n.d. ;
Lurralderen gainerakoa/Resto de TTHH;ARABA/ÁLAVA;295,00;297,00; n.d. ;330,00; n.d. ; n.d. ;
Lurralderen gainerakoa/Resto de TTHH;GIPUZKOA;283,00;294,00;167,00;334,00; n.d. ;172,00;
Lurralderen gainerakoa/Resto de TTHH;BIZKAIA;291,00;297,00;192,00;323,00;233,00;162,00;
Eskualde Egitura/Áreas funcionales;Álava Central;268,00;273,00;145,00;309,00; n.d. ; n.d. ;
Eskualde Egitura/Áreas funcionales;Balmaseda-Zalla;328,00;330,00; n.d. ; n.d. ; n.d. ; n.d. ;
Eskualde Egitura/Áreas funcionales;Beasain-Zumárraga;219,00;229,00;155,00; n.d. ; n.d. ; n.d. ;
Eskualde Egitura/Áreas funcionales;Bilbao Metropolitano;287,00;296,00;183,00;303,00;257,00;160,00;
Eskualde Egitura/Áreas funcionales;Donostia-San Sebastián;293,00;304,00;167,00;341,00; n.d. ;142,00;
Eskualde Egitura/Áreas funcionales;Durango;307,00;311,00; n.d. ;352,00; n.d. ;174,00;
Eskualde Egitura/Áreas funcionales;Eibar;267,00;277,00;156,00; n.d. ; n.d. ; n.d. ;
Eskualde Egitura/Áreas funcionales;Gernika-Markina;283,00;300,00; n.d. ; n.d. ; n.d. ; n.d. ;
Eskualde Egitura/Áreas funcionales;Igorre;310,00;315,00; n.d. ;359,00; n.d. ; n.d. ;
Eskualde Egitura/Áreas funcionales;Laguardia;284,00; n.d. ; n.d. ; n.d. ; n.d. ; n.d. ;
Eskualde Egitura/Áreas funcionales;Laudio / Llodio;313,00;316,00; n.d. ; n.d. ; n.d. ; n.d. ;
Eskualde Egitura/Áreas funcionales;Arrasate-Bergara;286,00;295,00; n.d. ;327,00; n.d. ; n.d. ;
Eskualde Egitura/Áreas funcionales;Mungia;275,00;268,00; n.d. ; n.d. ; n.d. ; n.d. ;
Eskualde Egitura/Áreas funcionales;Tolosa;287,00;294,00; n.d. ;352,00; n.d. ; n.d. ;
Eskualde Egitura/Áreas funcionales;Zarautz-Azpeitia;288,00;299,00; n.d. ;317,00; n.d. ;221,00;
;;;;;;;;
3.5.1.- Batez besteko hileroko hipoteka-kuota (€) eta  Soldata kostuarekiko ehunekoa. 2017ko 1. hiruhilekoa;;;;;;;;
3.5.1.- Cuota hipotecaria mensual media (€) y Porcentaje respecto al coste salarial. 01 trimestre 2017;;;;;;;;
BANATZEA                                        DESGLOSE;EREMUA                                           ÁMBITO;Hileko kuota Cuota mensual;Soldata-kostua Coste salarial;% soldataren gaineko kuota % cuota sobre salario;;;;
Nazionala/Nacional;ESPAÑA;536,01;1.897,50;28,25;;;;
Euskadi/País Vasco;EUSKADI/PAIS VASCO;565,47;2.203,94;25,66;;;;
Erakunde Autonomoa/CCAA;ANDALUZIA/ANDALUCIA;450,38;1.696,78;26,54;;;;
Erakunde Autonomoa/CCAA;ARAGOI/ARAGON;453,51;1.793,37;25,29;;;;
Erakunde Autonomoa/CCAA;ASTURIAS/ASTURIAS;417,91;1.930,64;21,65;;;;
Erakunde Autonomoa/CCAA;BALEAR UHARTEAK/BALEARES;738,94;1.759,37;42,00;;;;
Erakunde Autonomoa/CCAA;KANARIAR UHARTEAK/CANARIAS;449,80;1.590,00;28,29;;;;
Erakunde Autonomoa/CCAA;KANTABRIA/CANTABRIA;462,60;1.807,67;25,59;;;;
Erakunde Autonomoa/CCAA;GAZTELA ETA LEON/CASTILLA Y LEON;419,42;1.718,06;24,41;;;;
Erakunde Autonomoa/CCAA;GAZTELA-MANTXA/CASTILLA-LA MANCHA;383,84;1.670,52;22,98;;;;
Erakunde Autonomoa/CCAA;KATALUNIA/CATALUÑA;638,64;2.016,82;31,67;;;;
Erakunde Autonomoa/CCAA;EXTREMADURA/EXTREMADURA;346,08;1.557,35;22,22;;;;
Erakunde Autonomoa/CCAA;GALIZIA/GALICIA;434,17;1.654,98;26,23;;;;
Erakunde Autonomoa/CCAA;MADRIL/MADRID;747,12;2.278,88;32,78;;;;
Erakunde Autonomoa/CCAA;MURTZIA/MURCIA;377,68;1.723,93;21,91;;;;
Erakunde Autonomoa/CCAA;NAFARROA/NAVARRA;490,28;1.965,33;24,95;;;;
Erakunde Autonomoa/CCAA;ERRIOXA/LA RIOJA;428,50;1.752,03;24,46;;;;
Erakunde Autonomoa/CCAA;VALENTZIA KOMUNITATEA/VALENCIA;422,62;1.683,97;25,10;;;;
;;;;;;;;
3.5.2.- Interes-motak. Zenbatekoa (%). 2017ko 1. hiruhilekoa;;;;;;;;
3.5.2.- Tipos de interés. Importe (%). 01 trimestre 2017;;;;;;;;
BANATZEA                                        DESGLOSE;EREMUA                                                    ÁMBITO;INTERESA     INTERES;;;;;;
Nazionala/Nacional;ESPAÑA;2,29;;;;;;
Euskadi/País Vasco;EUSKADI/PAIS VASCO;2,07;;;;;;
Erakunde Autonomoa/CCAA;ANDALUZIA/ANDALUCIA;2,33;;;;;;
Erakunde Autonomoa/CCAA;ARAGOI/ARAGON;2,28;;;;;;
Erakunde Autonomoa/CCAA;ASTURIAS/ASTURIAS;2,28;;;;;;
Erakunde Autonomoa/CCAA;BALEAR UHARTEAK/BALEARES;2,28;;;;;;
Erakunde Autonomoa/CCAA;KANARIAR UHARTEAK/CANARIAS;2,50;;;;;;
Erakunde Autonomoa/CCAA;KANTABRIA/CANTABRIA;2,24;;;;;;
Erakunde Autonomoa/CCAA;GAZTELA ETA LEON/CASTILLA Y LEON;2,13;;;;;;
Erakunde Autonomoa/CCAA;GAZTELA-MANTXA/CASTILLA-LA MANCHA;2,18;;;;;;
Erakunde Autonomoa/CCAA;KATALUNIA/CATALUÑA;2,47;;;;;;
Erakunde Autonomoa/CCAA;EXTREMADURA/EXTREMADURA;2,32;;;;;;
Erakunde Autonomoa/CCAA;GALIZIA/GALICIA;2,44;;;;;;
Erakunde Autonomoa/CCAA;MADRIL/MADRID;2,10;;;;;;
Erakunde Autonomoa/CCAA;MURTZIA/MURCIA;2,43;;;;;;
Erakunde Autonomoa/CCAA;NAFARROA/NAVARRA;2,05;;;;;;
Erakunde Autonomoa/CCAA;ERRIOXA/LA RIOJA;2,15;;;;;;
Erakunde Autonomoa/CCAA;VALENTZIA KOMUNITATEA/VALENCIA;2,36;;;;;;
Lurraldea/TTHH;ARABA/ÁLAVA;2,06;;;;;;
Lurraldea/TTHH;GIPUZKOA;2,20;;;;;;
Lurraldea/TTHH;BIZKAIA;1,99;;;;;;
;;;;;;;;
;;;;;;;;
;;;;;;;;
;;;;;;;;
;;;;;;;;
;;;;;;;;
;;;;;;;;
;;;;;;;;
;;;;;;;;
;;;;;;;;
;;;;;;;;
;;;;;;;;
